No.,Sample No.,Sample ID,Test,Result,Register Date,Name,Age,Gender,Case No.,Bed No.,Doctor,Department,Diagnosis,Remark,Checker,Test Date
1,1,202208250001	,Glu,186.43,2022-08-25 08:31:58,Sharfudeen .N  FBS,,Male,,,,,,,admin,2022-08-25 08:48:45
2,2,202208250002	,CHO,132.11,2022-08-25 08:32:23,Sharfudeen N ,,Male,,,,,,,admin,2022-08-25 08:49:03
3,4,202208250004	,Glu,357.97,2022-08-25 11:16:12,Sharfadeen PPBS,,Male,,,,,,,admin,2022-08-25 11:30:53
4,5,202208250005	,Glu,104.71,2022-08-25 16:18:46,Kumaravel E RBS,,Male,,,,,,,admin,2022-08-25 16:34:19
5,6,202208250006	,HBA1C ,5.42,2022-08-25 17:42:25,Ganeshmoorthi HBA1C,,Male,,,,,,,admin,2022-08-25 18:01:18
6,7,202208250007	,HBA1C ,5.42,2022-08-25 17:45:21,ARUMUGAM  H,,Male,,,,,,,admin,2022-08-25 18:01:36
7,8,202208250008	,HBA1C ,9.17,2022-08-25 17:45:49,MARY EMELDA H,,Male,,,,,,,admin,2022-08-25 18:01:54
8,9,202208250009	,HBA1C ,5.56,2022-08-25 18:12:05,GANESH H,,Male,,,,,,,admin,2022-08-25 18:27:39
9,10,202208250010	,HBA1C ,5.60,2022-08-25 18:12:22,ARUMUGAM H,,Male,,,,,,,admin,2022-08-25 18:27:57
